{
  EnglishSynthesizer synth=new EnglishSynthesizer();
  assertEquals(synth.synthesize(dummyToken("blablabla"),"blablabla").length,0);
  assertEquals("[was, were]",Arrays.toString(synth.synthesize(dummyToken("be"),"VBD")));
  assertEquals("[presidents]",Arrays.toString(synth.synthesize(dummyToken("president"),"NNS")));
  assertEquals("[tested]",Arrays.toString(synth.synthesize(dummyToken("test"),"VBD")));
  assertEquals("[tested]",Arrays.toString(synth.synthesize(dummyToken("test"),"VBD",false)));
  assertEquals("[tested]",Arrays.toString(synth.synthesize(dummyToken("test"),"VBD",true)));
  assertEquals("[tested, testing]",Arrays.toString(synth.synthesize(dummyToken("test"),"VBD|VBG",true)));
  assertEquals("[a university, the university]",Arrays.toString(synth.synthesize(dummyToken("university"),"+DT",false)));
  assertEquals("[an hour, the hour]",Arrays.toString(synth.synthesize(dummyToken("hour"),"+DT",false)));
  assertEquals("[an hour]",Arrays.toString(synth.synthesize(dummyToken("hour"),"+INDT",false)));
}
